id,status,highlight,category,title,content,excerpt,coverImage,createdAt,updatedAt,tags
1,TRUE,FALSE,Social Media,10 Strategi Social Media Marketing yang Wajib Dicoba di 2024,"<article style=""font-family: Arial, sans-serif; line-height: 1.7; max-width: 800px; margin: auto;"">
  
  <h1 style=""font-size: 30px; margin-bottom: 16px; font-weight: 700;"">
    10 Strategi Social Media Marketing yang Wajib Dicoba di 2024
  </h1>

  <p style=""margin-bottom: 16px;"">
    Di era digital yang semakin kompetitif, <strong>social media bukan lagi sekadar tempat berbagi konten</strong>—melainkan alat utama untuk membangun brand, menjangkau audiens, dan meningkatkan penjualan.
  </p>

  <p style=""margin-bottom: 24px;"">
    Tahun 2024 membawa perubahan tren yang signifikan, sehingga <strong>strategi lama tidak selalu relevan lagi</strong>. Agar tetap unggul, berikut strategi yang wajib kamu terapkan:
  </p>

  <h2 style=""font-size: 22px; margin-top: 28px; font-weight: 700;"">1. Fokus pada Short-Form Video</h2>
  <p>
    <strong>Video pendek masih jadi konten paling powerful</strong> saat ini—mudah viral dan punya engagement tinggi.
  </p>
  <ul>
    <li><strong>Durasi ideal:</strong> 7–30 detik</li>
    <li><strong>Hook kuat:</strong> di 3 detik pertama</li>
    <li><strong>Gunakan storytelling singkat</strong></li>
  </ul>

  <h2 style=""font-size: 22px; margin-top: 28px; font-weight: 700;"">2. Bangun Personal Branding</h2>
  <p>
    Audiens lebih tertarik pada <strong>orang di balik brand</strong>, bukan hanya logo.
  </p>
  <ul>
    <li>Lebih <strong>relatable</strong></li>
    <li>Meningkatkan <strong>trust</strong></li>
    <li>Lebih mudah <strong>viral</strong></li>
  </ul>

  <h2 style=""font-size: 22px; margin-top: 28px; font-weight: 700;"">3. Konsistensi &gt; Viral</h2>
  <p>
    Banyak brand hanya viral sekali lalu hilang. Padahal <strong>growth datang dari konsistensi</strong>.
  </p>
  <ul>
    <li><strong>Posting:</strong> 3–5x per minggu</li>
    <li>Gunakan <strong>content calendar</strong></li>
    <li>Jaga <strong>tone &amp; visual</strong></li>
  </ul>

  <h2 style=""font-size: 22px; margin-top: 28px; font-weight: 700;"">4. Gunakan Storytelling</h2>
  <p>
    <strong>Konten jualan langsung sudah mulai ditinggalkan.</strong> Orang lebih suka cerita.
  </p>
  <ul>
    <li>Before–after</li>
    <li>Journey bisnis</li>
    <li>Behind the scenes</li>
  </ul>

  <h2 style=""font-size: 22px; margin-top: 28px; font-weight: 700;"">5. Optimalkan Hook</h2>
  <p>
    Jika <strong>3 detik pertama gagal menarik perhatian</strong>, konten akan langsung di-skip.
  </p>
  <ul>
    <li><strong>“Jangan lakukan ini kalau kamu punya bisnis…”</strong></li>
    <li><strong>“90% orang salah soal ini…”</strong></li>
  </ul>

  <h2 style=""font-size: 22px; margin-top: 28px; font-weight: 700;"">6. Manfaatkan UGC</h2>
  <p>
    <strong>User Generated Content (UGC)</strong> terasa lebih autentik dan meningkatkan kepercayaan.
  </p>
  <ul>
    <li>Testimoni video</li>
    <li>Review produk</li>
    <li>Repost customer</li>
  </ul>

  <h2 style=""font-size: 22px; margin-top: 28px; font-weight: 700;"">7. Gunakan Data</h2>
  <p>
    Jangan asal posting. <strong>Semua keputusan harus berbasis data</strong>.
  </p>
  <ul>
    <li>Engagement rate</li>
    <li>Watch time</li>
    <li>Save &amp; share</li>
  </ul>

  <h2 style=""font-size: 22px; margin-top: 28px; font-weight: 700;"">8. Kolaborasi</h2>
  <p>
    <strong>Kolaborasi = jangkauan lebih luas</strong> tanpa harus mulai dari nol.
  </p>
  <ul>
    <li>Influencer mikro (lebih efektif &amp; hemat)</li>
    <li>Brand dengan target market serupa</li>
  </ul>

  <h2 style=""font-size: 22px; margin-top: 28px; font-weight: 700;"">9. Soft Selling</h2>
  <p>
    Audiens sekarang <strong>anti hard selling</strong>. Gunakan pendekatan halus.
  </p>
  <ul>
    <li><strong>Edukasi → Trust → Closing</strong></li>
    <li><strong>80% value, 20% selling</strong></li>
  </ul>

  <h2 style=""font-size: 22px; margin-top: 28px; font-weight: 700;"">10. Automasi Konten</h2>
  <p>
    Kalau mau scale, <strong>tidak bisa manual terus</strong>.
  </p>
  <ul>
    <li>Gunakan scheduler</li>
    <li>Batch content</li>
    <li>Sistem konten mingguan</li>
  </ul>

  <h2 style=""font-size: 24px; margin-top: 36px; font-weight: 700;"">Kesimpulan</h2>
  <p>
    Social media marketing di 2024 bukan soal sering posting, tapi <strong>relevansi, konsistensi, dan strategi</strong>.
  </p>

  <ul>
    <li><strong>Fokus pada value</strong></li>
    <li><strong>Bangun koneksi</strong></li>
    <li><strong>Gunakan data</strong></li>
  </ul>

  <p style=""margin-top: 16px; font-weight: 600;"">
    Ingat: bukan tentang viral cepat, tapi membangun brand yang bertahan lama.
  </p>

</article>",Dunia social media terus berkembang pesat. Temukan 10 strategi terbaru yang sudah terbukti meningkatkan engagement dan konversi brand Anda secara signifikan.,https://images.unsplash.com/photo-1611926653458-09294b3142bf?w=800&q=80,3/17/2026 14:45:33,4/13/2026 16:01:47,social media;marketing;strategi;engagement;konten
2,TRUE,TRUE,Web Development,Cara Membangun Website yang Cepat dan Ramah SEO dari Nol,"<article style=""font-family: Arial, sans-serif; line-height: 1.8; max-width: 800px; margin: auto;"">

  <h1 style=""font-size: 30px; font-weight: 700; margin-bottom: 16px;"">
    Cara Membangun Website yang Cepat dan Ramah SEO dari Nol
  </h1>

  <p>
    Membangun website di era sekarang tidak cukup hanya fokus pada desain yang menarik. 
    <strong>Kecepatan dan optimasi SEO adalah dua faktor utama</strong> yang menentukan apakah website kamu bisa bersaing di halaman pertama Google atau tenggelam tanpa traffic.
  </p>

  <p>
    Banyak orang membuat website yang terlihat bagus, tetapi lambat, berat, dan tidak terstruktur dengan baik. Akibatnya, <strong>pengunjung cepat keluar dan ranking SEO sulit naik</strong>.
  </p>

  <p style=""margin-bottom: 24px;"">
    Artikel ini akan membahas secara lengkap bagaimana cara membangun website dari nol yang tidak hanya cepat, tetapi juga <strong>SEO-friendly dan scalable untuk jangka panjang</strong>.
  </p>

  <h2 style=""font-size: 24px; font-weight: 700; margin-top: 32px;"">
    1. Memilih Teknologi yang Tepat Sejak Awal
  </h2>

  <p>
    Fondasi website kamu dimulai dari teknologi yang digunakan. Salah memilih teknologi bisa membuat performa buruk dan sulit dioptimasi.
  </p>

  <p>
    Saat ini, framework modern seperti <strong>Next.js</strong> menjadi pilihan populer karena mendukung:
  </p>

  <ul>
    <li><strong>Server-Side Rendering (SSR)</strong> untuk SEO</li>
    <li><strong>Static Site Generation (SSG)</strong> untuk kecepatan maksimal</li>
    <li><strong>Optimasi otomatis</strong> untuk gambar dan assets</li>
  </ul>

  <p>
    Hindari membuat website dengan JavaScript berlebihan tanpa struktur yang jelas, karena ini bisa <strong>memperlambat loading dan merusak performa SEO</strong>.
  </p>

  <h2 style=""font-size: 24px; font-weight: 700; margin-top: 32px;"">
    2. Optimasi Kecepatan Website (Performance)
  </h2>

  <p>
    Kecepatan adalah faktor krusial. Google sendiri menjadikan <strong>Core Web Vitals</strong> sebagai indikator ranking.
  </p>

  <p>
    Beberapa langkah penting untuk meningkatkan kecepatan:
  </p>

  <ul>
    <li><strong>Gunakan image optimization</strong> (WebP / AVIF)</li>
    <li><strong>Lazy loading</strong> untuk gambar dan komponen</li>
    <li><strong>Minify CSS & JavaScript</strong></li>
    <li><strong>Gunakan CDN</strong> untuk distribusi global</li>
  </ul>

  <p>
    Target ideal: <strong>loading di bawah 3 detik</strong>. Lebih dari itu, risiko bounce rate meningkat drastis.
  </p>

  <h2 style=""font-size: 24px; font-weight: 700; margin-top: 32px;"">
    3. Struktur SEO yang Benar
  </h2>

  <p>
    Website yang SEO-friendly harus memiliki struktur yang jelas dan mudah dipahami oleh mesin pencari.
  </p>

  <ul>
    <li><strong>Gunakan H1 hanya satu kali</strong></li>
    <li><strong>Gunakan H2 dan H3 untuk sub-topik</strong></li>
    <li><strong>Tambahkan meta title dan description</strong></li>
    <li><strong>Gunakan URL yang clean</strong> (contoh: /blog/seo-website)</li>
  </ul>

  <p>
    Jangan lupa untuk menambahkan <strong>alt text pada gambar</strong>, karena ini membantu SEO sekaligus accessibility.
  </p>

  <h2 style=""font-size: 24px; font-weight: 700; margin-top: 32px;"">
    4. Pastikan Website Mobile Friendly
  </h2>

  <p>
    Lebih dari 70% pengguna internet mengakses website melalui mobile. 
    <strong>Google juga menggunakan mobile-first indexing</strong>.
  </p>

  <p>
    Artinya, jika website kamu tidak optimal di mobile, maka ranking akan ikut terdampak.
  </p>

  <ul>
    <li>Gunakan desain responsive</li>
    <li>Pastikan font mudah dibaca</li>
    <li>Hindari elemen terlalu kecil</li>
  </ul>

  <h2 style=""font-size: 24px; font-weight: 700; margin-top: 32px;"">
    5. Gunakan Konten Berkualitas dan Relevan
  </h2>

  <p>
    SEO bukan hanya soal teknis. <strong>Konten adalah faktor utama</strong> yang menentukan apakah pengunjung akan bertahan atau tidak.
  </p>

  <p>
    Konten yang baik harus:
  </p>

  <ul>
    <li><strong>Menjawab kebutuhan user</strong></li>
    <li><strong>Menggunakan keyword secara natural</strong></li>
    <li><strong>Memberikan value nyata</strong></li>
  </ul>

  <p>
    Hindari membuat konten tipis atau hanya mengejar keyword tanpa isi yang jelas.
  </p>

  <h2 style=""font-size: 24px; font-weight: 700; margin-top: 32px;"">
    6. Gunakan Internal Linking
  </h2>

  <p>
    Internal link membantu Google memahami struktur website kamu sekaligus meningkatkan waktu kunjungan user.
  </p>

  <p>
    <strong>Semakin lama user di website, semakin bagus sinyal SEO-nya.</strong>
  </p>

  <h2 style=""font-size: 26px; font-weight: 700; margin-top: 40px;"">
    Kesimpulan
  </h2>

  <p>
    Membangun website yang cepat dan SEO-friendly bukanlah hal instan, tetapi bisa dicapai dengan strategi yang tepat.
  </p>

  <ul>
    <li><strong>Pilih teknologi yang tepat</strong></li>
    <li><strong>Optimasi kecepatan</strong></li>
    <li><strong>Gunakan struktur SEO yang benar</strong></li>
    <li><strong>Fokus pada pengalaman user</strong></li>
  </ul>

  <p style=""margin-top: 16px; font-weight: 600;"">
    Ingat: website yang baik bukan hanya terlihat bagus, tetapi juga bekerja dengan cepat, efisien, dan mudah ditemukan.
  </p>

</article>",Kecepatan website dan SEO adalah dua pilar utama yang menentukan kesuksesan bisnis online Anda. Pelajari langkah-langkah membangunnya dengan benar sejak awal.,https://images.unsplash.com/photo-1547658719-da2b51169166?w=800&q=80,3/17/2026 14:45:38,3/25/2026 15:47:16,web development;seo;performa;next.js;mobile
3,TRUE,FALSE,Social Media,Instagram vs TikTok: Platform Mana yang Terbaik untuk Brand Anda?,"<article style=""font-family: Arial, sans-serif; line-height: 1.8; max-width: 800px; margin: auto;"">

  <h1 style=""font-size: 30px; font-weight: 700; margin-bottom: 16px;"">
    Instagram vs TikTok: Platform Mana yang Terbaik untuk Brand Anda?
  </h1>

  <p>
    Di era digital saat ini, memilih platform social media yang tepat bisa menentukan keberhasilan strategi marketing sebuah brand. 
    Dua platform yang paling sering dibandingkan adalah <strong>Instagram dan TikTok</strong>.
  </p>

  <p>
    Keduanya sama-sama kuat, tetapi memiliki karakter, algoritma, dan perilaku audiens yang berbeda. 
    Jika salah strategi, kamu bisa <strong>kehabisan waktu tanpa hasil yang signifikan</strong>.
  </p>

  <p style=""margin-bottom: 24px;"">
    Artikel ini akan membantu kamu memahami perbedaan keduanya secara mendalam, sehingga kamu bisa memilih platform yang paling sesuai dengan tujuan bisnis kamu.
  </p>

  <h2 style=""font-size: 24px; font-weight: 700; margin-top: 32px;"">
    Karakteristik Instagram
  </h2>

  <p>
    Instagram dikenal sebagai platform yang fokus pada <strong>visual yang rapi dan branding yang kuat</strong>.
  </p>

  <ul>
    <li><strong>Cocok untuk brand positioning</strong></li>
    <li><strong>Audiens lebih mature dan stabil</strong></li>
    <li><strong>Feed bisa dikurasi untuk tampilan profesional</strong></li>
  </ul>

  <p>
    Instagram sangat efektif untuk bisnis yang ingin membangun <strong>citra brand yang premium, konsisten, dan terpercaya</strong>.
  </p>

  <h2 style=""font-size: 24px; font-weight: 700; margin-top: 32px;"">
    Karakteristik TikTok
  </h2>

  <p>
    TikTok adalah platform dengan algoritma yang sangat agresif dalam mendistribusikan konten. 
    <strong>Konten dari akun kecil pun bisa viral</strong>.
  </p>

  <ul>
    <li><strong>Reach besar tanpa follower</strong></li>
    <li><strong>Algoritma discovery sangat kuat</strong></li>
    <li><strong>Konten lebih spontan dan tidak harus rapi</strong></li>
  </ul>

  <p>
    TikTok cocok untuk brand yang ingin mendapatkan <strong>exposure cepat dan growth agresif</strong>.
  </p>

  <h2 style=""font-size: 24px; font-weight: 700; margin-top: 32px;"">
    Perbandingan Strategis
  </h2>

  <p>
    Jika disederhanakan:
  </p>

  <ul>
    <li><strong>Instagram = Branding + Trust</strong></li>
    <li><strong>TikTok = Reach + Awareness</strong></li>
  </ul>

  <p>
    Banyak brand gagal karena mencoba menggunakan strategi yang sama di kedua platform. 
    Padahal, <strong>cara mainnya berbeda</strong>.
  </p>

  <h2 style=""font-size: 24px; font-weight: 700; margin-top: 32px;"">
    Mana yang Harus Dipilih?
  </h2>

  <p>
    Jawabannya tergantung tujuan kamu:
  </p>

  <ul>
    <li><strong>Ingin membangun brand jangka panjang → Instagram</strong></li>
    <li><strong>Ingin cepat dikenal → TikTok</strong></li>
  </ul>

  <p>
    Namun strategi terbaik adalah <strong>menggabungkan keduanya</strong>:
  </p>

  <ul>
    <li>TikTok untuk menarik perhatian</li>
    <li>Instagram untuk memperkuat trust</li>
  </ul>

  <h2 style=""font-size: 26px; font-weight: 700; margin-top: 40px;"">
    Kesimpulan
  </h2>

  <p>
    Tidak ada platform yang lebih unggul secara mutlak. Yang ada adalah platform yang paling sesuai dengan strategi dan tujuan brand kamu.
  </p>

  <p style=""font-weight: 600;"">
    Gunakan TikTok untuk growth, dan Instagram untuk membangun hubungan jangka panjang.
  </p>

</article>","Instagram dan TikTok sama-sama menawarkan peluang besar, tapi keduanya memiliki karakteristik unik. Temukan platform yang paling cocok untuk target audiens dan tujuan bisnis Anda.",https://images.unsplash.com/photo-1616469829581-73993eb86b02?w=800&q=80,3/17/2026 14:45:39,3/25/2026 15:47:35,instagram;tiktok;social media;brand;platform
4,TRUE,FALSE,Web Development,"Panduan Lengkap Memilih Framework Frontend: React, Vue, atau Svelte?","<article style=""font-family: Arial, sans-serif; line-height: 1.8; max-width: 800px; margin: auto;"">

  <h1 style=""font-size: 30px; font-weight: 700;"">
    Panduan Lengkap Memilih Framework Frontend: React, Vue, atau Svelte?
  </h1>

  <p>
    Memilih framework frontend bukan hanya soal preferensi, tetapi soal <strong>efisiensi development, performa, dan scalability</strong>.
  </p>

  <p>
    Tiga pilihan populer saat ini adalah <strong>React, Vue, dan Svelte</strong>. Masing-masing punya kelebihan dan trade-off.
  </p>

  <h2 style=""font-size: 24px; font-weight: 700; margin-top: 32px;"">
    React: Fleksibel dan Powerful
  </h2>

  <p>
    React adalah framework paling populer dengan ekosistem terbesar.
  </p>

  <ul>
    <li><strong>Digunakan oleh banyak perusahaan besar</strong></li>
    <li><strong>Library dan komunitas sangat luas</strong></li>
    <li><strong>Cocok untuk aplikasi kompleks</strong></li>
  </ul>

  <p>
    Kekurangannya, React memiliki <strong>learning curve yang lebih tinggi</strong>.
  </p>

  <h2 style=""font-size: 24px; font-weight: 700; margin-top: 32px;"">
    Vue: Simpel dan Developer Friendly
  </h2>

  <p>
    Vue menawarkan pendekatan yang lebih sederhana dan mudah dipelajari.
  </p>

  <ul>
    <li><strong>Struktur jelas</strong></li>
    <li><strong>Cepat dipahami pemula</strong></li>
    <li><strong>Produktivitas tinggi</strong></li>
  </ul>

  <p>
    Cocok untuk project kecil hingga menengah.
  </p>

  <h2 style=""font-size: 24px; font-weight: 700; margin-top: 32px;"">
    Svelte: Ringan dan Cepat
  </h2>

  <p>
    Svelte berbeda karena tidak menggunakan virtual DOM.
  </p>

  <ul>
    <li><strong>Performa sangat tinggi</strong></li>
    <li><strong>Bundle size kecil</strong></li>
    <li><strong>Lebih efisien saat runtime</strong></li>
  </ul>

  <p>
    Namun, ekosistemnya belum sebesar React.
  </p>

  <h2 style=""font-size: 24px; font-weight: 700; margin-top: 32px;"">
    Cara Memilih yang Tepat
  </h2>

  <ul>
    <li><strong>Project besar → React</strong></li>
    <li><strong>Butuh cepat → Vue</strong></li>
    <li><strong>Butuh performa → Svelte</strong></li>
  </ul>

  <h2 style=""font-size: 26px; font-weight: 700; margin-top: 40px;"">
    Kesimpulan
  </h2>

  <p>
    Tidak ada framework terbaik secara universal. 
    <strong>Pilih berdasarkan kebutuhan, bukan tren</strong>.
  </p>

</article>",Memilih framework yang salah bisa berdampak besar pada produktivitas tim dan performa aplikasi. Kami bandingkan tiga framework terpopuler secara mendalam untuk membantu keputusan Anda.,https://images.unsplash.com/photo-1555066931-4365d14bab8c?w=800&q=80,3/17/2026 14:45:44,3/25/2026 15:47:45,react;vue;svelte;frontend;framework
5,TRUE,TRUE,Social Media,Cara Membuat Konten LinkedIn yang Mendatangkan Klien B2B Secara Konsisten,"<article style=""font-family: Arial, sans-serif; line-height: 1.8; max-width: 800px; margin: auto;"">

  <h1 style=""font-size: 30px; font-weight: 700;"">
    Cara Membuat Konten LinkedIn yang Mendatangkan Klien B2B Secara Konsisten
  </h1>

  <p>
    LinkedIn bukan sekadar platform untuk mencari kerja. 
    Jika digunakan dengan benar, <strong>LinkedIn adalah mesin akuisisi klien B2B yang sangat powerful</strong>.
  </p>

  <p>
    Masalahnya, banyak orang posting tanpa strategi yang jelas, sehingga hasilnya tidak konsisten.
  </p>

  <h2 style=""font-size: 24px; font-weight: 700; margin-top: 32px;"">
    1. Fokus pada Value, Bukan Jualan
  </h2>

  <p>
    Audiens LinkedIn mencari insight, bukan iklan.
  </p>

  <p>
    <strong>Semakin banyak value yang kamu berikan, semakin besar peluang trust terbentuk.</strong>
  </p>

  <h2 style=""font-size: 24px; font-weight: 700; margin-top: 32px;"">
    2. Gunakan Hook yang Kuat
  </h2>

  <p>
    Kalimat pertama menentukan apakah orang akan lanjut membaca atau tidak.
  </p>

  <ul>
    <li><strong>Gunakan angka</strong></li>
    <li><strong>Buat statement kontroversial ringan</strong></li>
    <li><strong>Angkat pain point</strong></li>
  </ul>

  <h2 style=""font-size: 24px; font-weight: 700; margin-top: 32px;"">
    3. Gunakan Storytelling
  </h2>

  <p>
    Cerita membuat konten lebih relatable dan mudah diingat.
  </p>

  <p>
    <strong>Orang tidak membeli dari perusahaan, tapi dari cerita yang mereka percaya.</strong>
  </p>

  <h2 style=""font-size: 24px; font-weight: 700; margin-top: 32px;"">
    4. Konsistensi adalah Kunci
  </h2>

  <p>
    Posting sekali tidak cukup. 
    <strong>Minimal 3x seminggu untuk membangun momentum</strong>.
  </p>

  <h2 style=""font-size: 24px; font-weight: 700; margin-top: 32px;"">
    5. Gunakan Soft Selling
  </h2>

  <p>
    Jangan langsung jualan.
  </p>

  <p>
    Gunakan pendekatan:
  </p>

  <ul>
    <li><strong>Edukasi</strong></li>
    <li><strong>Bangun trust</strong></li>
    <li><strong>Baru closing</strong></li>
  </ul>

  <h2 style=""font-size: 26px; font-weight: 700; margin-top: 40px;"">
    Kesimpulan
  </h2>

  <p>
    LinkedIn adalah platform yang sangat efektif untuk B2B jika digunakan dengan strategi yang tepat.
  </p>

  <ul>
    <li><strong>Berikan value</strong></li>
    <li><strong>Bangun trust</strong></li>
    <li><strong>Konsisten</strong></li>
  </ul>

  <p style=""font-weight: 600;"">
    Fokus pada hubungan jangka panjang, bukan hasil instan.
  </p>

</article>",LinkedIn adalah tambang emas untuk bisnis B2B yang sering diabaikan. Pelajari formula konten yang sudah terbukti menarik perhatian decision maker dan mengkonversi mereka menjadi klien.,https://images.unsplash.com/photo-1432888498266-38ffec3eaf0a?w=800&q=80,3/17/2026 14:46:39,3/25/2026 15:48:20,linkedin;b2b;konten;klien;social media
6,TRUE,FALSE,Digital Marketing,Digital Marketing,"<article style=""font-family: Arial, sans-serif; line-height: 1.8; max-width: 800px; margin: auto;"">

  <h1 style=""font-size: 30px; font-weight: 700;"">
    Digital Marketing: Strategi Lengkap untuk Meningkatkan Bisnis di Era Digital
  </h1>

  <p>
    Digital marketing telah menjadi tulang punggung pertumbuhan bisnis modern. 
    <strong>Tanpa strategi digital yang tepat, bisnis akan sulit berkembang di era kompetitif saat ini.</strong>
  </p>

  <p>
    Namun, banyak yang masih menganggap digital marketing hanya sebatas posting di social media. 
    Padahal, cakupannya jauh lebih luas dan strategis.
  </p>

  <h2 style=""font-size: 24px; font-weight: 700; margin-top: 32px;"">
    Apa Itu Digital Marketing?
  </h2>

  <p>
    Digital marketing adalah segala bentuk pemasaran yang dilakukan melalui platform digital seperti:
  </p>

  <ul>
    <li>Social media</li>
    <li>Search engine (Google)</li>
    <li>Email marketing</li>
    <li>Website</li>
  </ul>

  <p>
    Tujuannya adalah <strong>menjangkau audiens yang tepat dengan cara yang lebih efisien dan terukur</strong>.
  </p>

  <h2 style=""font-size: 24px; font-weight: 700; margin-top: 32px;"">
    Komponen Utama Digital Marketing
  </h2>

  <ul>
    <li><strong>SEO (Search Engine Optimization)</strong></li>
    <li><strong>Social Media Marketing</strong></li>
    <li><strong>Content Marketing</strong></li>
    <li><strong>Paid Ads</strong></li>
  </ul>

  <p>
    Semua komponen ini saling terhubung dan harus dijalankan secara strategis.
  </p>

  <h2 style=""font-size: 24px; font-weight: 700; margin-top: 32px;"">
    Strategi yang Efektif
  </h2>

  <p>
    Strategi digital marketing yang efektif biasanya mengikuti alur:
  </p>

  <ul>
    <li><strong>Awareness → Interest → Consideration → Conversion</strong></li>
  </ul>

  <p>
    Setiap tahap membutuhkan jenis konten dan pendekatan yang berbeda.
  </p>

  <h2 style=""font-size: 26px; font-weight: 700; margin-top: 40px;"">
    Kesimpulan
  </h2>

  <p>
    Digital marketing bukan sekadar aktivitas, tetapi <strong>sistem yang harus dirancang dengan baik</strong>.
  </p>

</article>",Google Ads bisa menjadi senjata ampuh untuk bisnis lokal jika digunakan dengan benar. Pelajari cara setting campaign yang efisien tanpa membuang budget sia-sia.,https://images.unsplash.com/photo-1611162617213-7d7a39e9b1d7?w=800&q=80,3/17/2026 14:46:46,4/13/2026 16:03:02,google ads;iklan;bisnis lokal;keyword;digital marketing
7,TRUE,FALSE,Web Development,Apa Itu Headless CMS dan Kenapa Website Modern Membutuhkannya?,"<article style=""font-family: Arial, sans-serif; line-height: 1.8; max-width: 800px; margin: auto;"">

  <h1 style=""font-size: 30px; font-weight: 700;"">
    Apa Itu Headless CMS dan Kenapa Website Modern Membutuhkannya?
  </h1>

  <p>
    Dalam dunia web modern, fleksibilitas adalah segalanya. 
    <strong>Headless CMS hadir sebagai solusi untuk mengatasi keterbatasan CMS tradisional</strong>.
  </p>

  <h2 style=""font-size: 24px; font-weight: 700; margin-top: 32px;"">
    Apa Itu Headless CMS?
  </h2>

  <p>
    Headless CMS adalah sistem manajemen konten yang memisahkan backend (data) dengan frontend (tampilan).
  </p>

  <p>
    Artinya, konten hanya disimpan dan diakses melalui API, tanpa terikat pada tampilan tertentu.
  </p>

  <h2 style=""font-size: 24px; font-weight: 700; margin-top: 32px;"">
    Perbedaan dengan CMS Tradisional
  </h2>

  <ul>
    <li><strong>Traditional CMS:</strong> backend + frontend menyatu</li>
    <li><strong>Headless CMS:</strong> backend terpisah, frontend bebas</li>
  </ul>

  <h2 style=""font-size: 24px; font-weight: 700; margin-top: 32px;"">
    Keunggulan Headless CMS
  </h2>

  <ul>
    <li><strong>Fleksibel untuk berbagai platform</strong></li>
    <li><strong>Performa lebih cepat</strong></li>
    <li><strong>Lebih aman</strong></li>
  </ul>

  <p>
    Ini sangat cocok untuk stack modern seperti <strong>Next.js + API</strong>.
  </p>

  <h2 style=""font-size: 26px; font-weight: 700; margin-top: 40px;"">
    Kesimpulan
  </h2>

  <p>
    Headless CMS adalah fondasi penting untuk <strong>website modern yang scalable dan fleksibel</strong>.
  </p>

</article>","Headless CMS mengubah cara tim konten dan developer bekerja bersama. Pahami konsepnya, keunggulannya, dan kapan sebaiknya Anda beralih dari CMS tradisional.",https://images.unsplash.com/photo-1558494949-ef010cbdcc31?w=800&q=80,3/17/2026 14:46:48,3/25/2026 16:21:51,headless cms;web development;api;next.js;wordpress
8,TRUE,FALSE,Social Media,Cara Membaca Analytics Social Media dan Mengubahnya Jadi Keputusan Bisnis,"<article style=""font-family: Arial, sans-serif; line-height: 1.8; max-width: 800px; margin: auto;"">

  <h1 style=""font-size: 30px; font-weight: 700;"">
    Cara Membaca Analytics Social Media dan Mengubahnya Jadi Keputusan Bisnis
  </h1>

  <p>
    Data tanpa interpretasi hanyalah angka. 
    <strong>Kunci sukses social media adalah kemampuan membaca analytics dan mengambil keputusan dari data tersebut</strong>.
  </p>

  <h2 style=""font-size: 24px; font-weight: 700; margin-top: 32px;"">
    Metric yang Perlu Diperhatikan
  </h2>

  <ul>
    <li><strong>Engagement rate</strong></li>
    <li><strong>Reach & impression</strong></li>
    <li><strong>Watch time</strong></li>
  </ul>

  <h2 style=""font-size: 24px; font-weight: 700; margin-top: 32px;"">
    Cara Membaca Data
  </h2>

  <p>
    Jangan hanya melihat angka tinggi atau rendah. 
    <strong>Bandingkan performa antar konten</strong>.
  </p>

  <h2 style=""font-size: 24px; font-weight: 700; margin-top: 32px;"">
    Mengubah Data Jadi Strategi
  </h2>

  <ul>
    <li>Ulangi konten yang perform</li>
    <li>Hentikan yang tidak efektif</li>
    <li>Eksperimen format baru</li>
  </ul>

  <h2 style=""font-size: 26px; font-weight: 700; margin-top: 40px;"">
    Kesimpulan
  </h2>

  <p>
    <strong>Data adalah kompas dalam digital marketing.</strong>
  </p>

</article>","Data tanpa interpretasi hanyalah angka. Pelajari metrik mana yang benar-benar penting, cara membacanya, dan bagaimana menggunakannya untuk mengoptimalkan strategi konten Anda.",https://images.unsplash.com/photo-1551288049-bebda4e38f71?w=800&q=80,3/17/2026 14:46:51,3/25/2026 16:22:30,analytics;social media;metrik;data;konten
9,TRUE,TRUE,Web Development,UI/UX Design untuk Developer: Prinsip Dasar yang Wajib Dikuasai,"<article style=""font-family: Arial, sans-serif; line-height: 1.8; max-width: 800px; margin: auto;"">

  <h1 style=""font-size: 30px; font-weight: 700;"">
    UI/UX Design untuk Developer: Prinsip Dasar yang Wajib Dikuasai
  </h1>

  <p>
    Developer yang memahami UI/UX memiliki keunggulan besar. 
    <strong>Bukan hanya bisa membuat fitur, tapi juga pengalaman yang nyaman digunakan</strong>.
  </p>

  <h2 style=""font-size: 24px; font-weight: 700; margin-top: 32px;"">
    Apa Itu UI dan UX?
  </h2>

  <ul>
    <li><strong>UI:</strong> tampilan visual</li>
    <li><strong>UX:</strong> pengalaman pengguna</li>
  </ul>

  <h2 style=""font-size: 24px; font-weight: 700; margin-top: 32px;"">
    Prinsip Dasar UI/UX
  </h2>

  <ul>
    <li><strong>Consistency</strong></li>
    <li><strong>Hierarchy</strong></li>
    <li><strong>Spacing</strong></li>
    <li><strong>Accessibility</strong></li>
  </ul>

  <h2 style=""font-size: 24px; font-weight: 700; margin-top: 32px;"">
    Kenapa Developer Harus Peduli?
  </h2>

  <p>
    UI/UX yang buruk bisa membuat user pergi, meskipun fitur lengkap.
  </p>

  <h2 style=""font-size: 26px; font-weight: 700; margin-top: 40px;"">
    Kesimpulan
  </h2>

  <p>
    <strong>UI/UX bukan tambahan, tapi bagian inti dari produk digital.</strong>
  </p>

</article>","Developer yang memahami prinsip UI/UX adalah aset berharga. Kuasai dasar-dasar desain ini untuk membangun interface yang tidak hanya fungsional, tapi juga menyenangkan digunakan.",https://images.unsplash.com/photo-1581291518857-4e27b48ff24e?w=800&q=80,3/17/2026 14:46:54,3/25/2026 16:22:40,ui/ux;design;developer;frontend;interface
10,TRUE,TRUE,Social Media,"Content Repurposing: Satu Konten, Sepuluh Platform, Tanpa Kehabisan Ide","<article style=""font-family: Arial, sans-serif; line-height: 1.8; max-width: 800px; margin: auto;"">

  <h1 style=""font-size: 30px; font-weight: 700;"">
    Content Repurposing: Satu Konten, Sepuluh Platform, Tanpa Kehabisan Ide
  </h1>

  <p>
    Salah satu kesalahan terbesar dalam content marketing adalah selalu membuat konten dari nol. 
    <strong>Padahal satu konten bisa dipecah menjadi banyak format</strong>.
  </p>

  <h2 style=""font-size: 24px; font-weight: 700; margin-top: 32px;"">
    Apa Itu Content Repurposing?
  </h2>

  <p>
    Content repurposing adalah strategi mengubah satu konten menjadi berbagai format.
  </p>

  <h2 style=""font-size: 24px; font-weight: 700; margin-top: 32px;"">
    Contoh Praktis
  </h2>

  <ul>
    <li>Artikel → Thread</li>
    <li>Artikel → Video pendek</li>
    <li>Video → Carousel</li>
  </ul>

  <h2 style=""font-size: 24px; font-weight: 700; margin-top: 32px;"">
    Keuntungan
  </h2>

  <ul>
    <li><strong>Hemat waktu</strong></li>
    <li><strong>Konsisten</strong></li>
    <li><strong>Reach lebih luas</strong></li>
  </ul>

  <h2 style=""font-size: 26px; font-weight: 700; margin-top: 40px;"">
    Kesimpulan
  </h2>

  <p>
    <strong>Kerja cerdas lebih penting daripada kerja keras.</strong>
  </p>

</article>",Anda tidak perlu membuat konten baru setiap hari dari nol. Strategi content repurposing memungkinkan Anda mengekstrak nilai maksimal dari satu ide konten dan mendistribusikannya ke berbagai platform.,https://images.unsplash.com/photo-1504868584819-f8e8b4b6d7e3?w=800&q=80,3/17/2026 14:46:56,3/25/2026 16:22:59,content repurposing;konten;platform;social media;strategi
11,TRUE,TRUE,Web Development,Bedanya Landing Page VS Company Profile,"<article style=""font-family: Arial, sans-serif; line-height: 1.7; max-width: 800px; margin: auto;"">

  <h1 style=""font-size: 30px; margin-bottom: 16px; font-weight: 700;"">
    Landing Page vs Company Profile: Jangan Sampai Salah Pakai
  </h1>

  <p style=""margin-bottom: 16px;"">
    Banyak bisnis punya website, tapi hasilnya gitu-gitu aja. Traffic ada, tapi sepi closing. Atau keliatan profesional, tapi nggak ada yang masuk.
  </p>

  <p style=""margin-bottom: 24px;"">
    Masalahnya sering bukan di desain, tapi di <strong>jenis website yang dipakai</strong>. Dua yang paling sering ketuker adalah <strong>Landing Page</strong> dan <strong>Company Profile</strong>.
  </p>

  <h2 style=""font-size: 22px; margin-top: 28px; font-weight: 700;"">
    1. Landing Page: Fokus Satu Tujuan
  </h2>

  <p>
    Landing page itu ibarat senjata langsung tembak. Semua dibuat untuk satu tujuan: bikin orang langsung ambil action.
  </p>

  <ul>
    <li><strong>Hanya 1 halaman (single page)</strong></li>
    <li>Struktur simpel dan mengalir</li>
    <li>Minim distraksi (hampir tanpa navigasi)</li>
    <li>Fokus ke satu tujuan: <strong>action</strong></li>
  </ul>

  <p>
    Biasanya berisi headline kuat, penjelasan singkat, benefit, testimoni, dan call to action seperti chat atau beli.
  </p>

  <p>
    Landing page sering dipakai untuk iklan, promo, atau jual satu produk/jasa spesifik. Semakin simpel jalurnya, semakin besar kemungkinan orang langsung ambil keputusan.
  </p>

  <h2 style=""font-size: 22px; margin-top: 28px; font-weight: 700;"">
    2. Company Profile: Bangun Kepercayaan
  </h2>

  <p>
    Kalau landing page ngejar cepat, company profile lebih fokus ke membangun kepercayaan.
  </p>

  <ul>
    <li><strong>Bisa banyak halaman (multi page)</strong></li>
    <li>Navigasi lengkap (Home, About, Service, dll)</li>
    <li>Struktur lebih kompleks</li>
    <li>Lebih SEO-friendly</li>
  </ul>

  <p>
    Biasanya berisi tentang bisnis, layanan, portfolio, kontak, dan value brand.
  </p>

  <p>
    Fungsinya bukan untuk langsung closing, tapi bikin orang yakin kalau bisnis kamu profesional dan bisa dipercaya.
  </p>

  <h2 style=""font-size: 22px; margin-top: 28px; font-weight: 700;"">
    3. Perbedaan Intinya
  </h2>

  <p>
    Kalau diringkas:
  </p>

  <ul>
    <li><strong>Landing Page</strong> → cepat, fokus, dorong action</li>
    <li><strong>Company Profile</strong> → lengkap, rapi, bangun trust</li>
  </ul>

  <p>
    Yang satu ngejar conversion, yang satu ngejar credibility.
  </p>

  <h2 style=""font-size: 22px; margin-top: 28px; font-weight: 700;"">
    4. Kenapa Banyak Bisnis Gagal?
  </h2>

  <p>
    Karena salah pakai.
  </p>

  <ul>
    <li>Iklan diarahkan ke company profile → terlalu banyak pilihan, orang jadi nggak fokus</li>
    <li>Butuh trust tapi cuma pakai landing page → kurang meyakinkan</li>
  </ul>

  <p>
    Akhirnya website ada, tapi nggak kerja maksimal.
  </p>

  <h2 style=""font-size: 24px; margin-top: 36px; font-weight: 700;"">
    Kesimpulan
  </h2>

  <p>
    Website bukan sekadar punya, tapi bagaimana dia kerja untuk bisnis kamu.
  </p>

  <ul>
    <li><strong>Landing Page</strong> untuk cepat closing</li>
    <li><strong>Company Profile</strong> untuk bangun kepercayaan</li>
  </ul>

  <p style=""margin-top: 16px; font-weight: 600;"">
    Kalau dipakai dengan tepat, dua-duanya bisa saling ngangkat dan bikin bisnis kamu makin kuat.
  </p>

</article>","Landing Page dan Company Profile sering dianggap sama, padahal punya fungsi berbeda. Satu fokus ke konversi cepat dalam 1 halaman, satunya lagi membangun kepercayaan dengan struktur lebih lengkap. Pahami perbedaannya agar website benar-benar bekerja untuk bisnismu.",https://res.cloudinary.com/di3cnyfg3/image/upload/v1776071765/26_11zon_si2tcf.webp,4/13/2026 16:02:41,4/13/2026 16:17:18,landing page; company profile; website bisnis; digital marketing; conversion; branding; website marketing; bisnis online; jasa website; strategi marketing
,,,,,,,,,,
,,,,,,,,,,
,,,,,,,,,,
,,,,,,,,,,
,,,,,,,,,,
,,,,,,,,4/13/2026 16:16:15,4/13/2026 16:16:15,